num,name,album,release_date,track_number,id,uri,acousticness,danceability,energy,instrumentalness,liveness,loudness,speechiness,tempo,valence,popularity,duration_ms
0,Fortnight (feat. Post Malone),THE TORTURED POETS DEPARTMENT: THE ANTHOLOGY,2024-04-19,1,6dODwocEuGzHAavXqTbwHv,spotify:track:6dODwocEuGzHAavXqTbwHv,0.502,0.504,0.386,1.53e-05,0.0961,-10.976,0.0308,192.004,0.281,82,228965
1,The Tortured Poets Department,THE TORTURED POETS DEPARTMENT: THE ANTHOLOGY,2024-04-19,2,4PdLaGZubp4lghChqp8erB,spotify:track:4PdLaGZubp4lghChqp8erB,0.0483,0.604,0.428,0.0,0.126,-8.441,0.0255,110.259,0.292,79,293048
2,My Boy Only Breaks His Favorite Toys,THE TORTURED POETS DEPARTMENT: THE ANTHOLOGY,2024-04-19,3,7uGYWMwRy24dm7RUDDhUlD,spotify:track:7uGYWMwRy24dm7RUDDhUlD,0.137,0.596,0.563,0.0,0.302,-7.362,0.0269,97.073,0.481,80,203801
3,Down Bad,THE TORTURED POETS DEPARTMENT: THE ANTHOLOGY,2024-04-19,4,1kbEbBdEgQdQeLXCJh28pJ,spotify:track:1kbEbBdEgQdQeLXCJh28pJ,0.56,0.541,0.366,1e-06,0.0946,-10.412,0.0748,159.707,0.168,82,261228
4,"So Long, London",THE TORTURED POETS DEPARTMENT: THE ANTHOLOGY,2024-04-19,5,7wAkQFShJ27V8362MqevQr,spotify:track:7wAkQFShJ27V8362MqevQr,0.73,0.423,0.533,0.00264,0.0816,-11.388,0.322,160.218,0.248,80,262974
5,But Daddy I Love Him,THE TORTURED POETS DEPARTMENT: THE ANTHOLOGY,2024-04-19,6,4QMgEffJQuKtjCNvqfRZ0m,spotify:track:4QMgEffJQuKtjCNvqfRZ0m,0.384,0.521,0.72,0.0,0.135,-7.684,0.104,79.943,0.438,81,340428
6,Fresh Out The Slammer,THE TORTURED POETS DEPARTMENT: THE ANTHOLOGY,2024-04-19,7,7IWcDWOfiooH5hRs9XOVYz,spotify:track:7IWcDWOfiooH5hRs9XOVYz,0.624,0.33,0.483,0.0,0.111,-9.394,0.0399,87.115,0.34,78,210789
7,Florida!!! (feat. Florence + The Machine),THE TORTURED POETS DEPARTMENT: THE ANTHOLOGY,2024-04-19,8,5ExOm0dh4NyRyAdSAO9hyM,spotify:track:5ExOm0dh4NyRyAdSAO9hyM,0.178,0.533,0.573,0.0,0.309,-7.123,0.138,150.088,0.398,79,215463
8,Guilty as Sin?,THE TORTURED POETS DEPARTMENT: THE ANTHOLOGY,2024-04-19,9,799KrpEbhZp0MHeiA8YK9P,spotify:track:799KrpEbhZp0MHeiA8YK9P,0.607,0.626,0.428,0.0,0.0921,-8.374,0.0261,94.95,0.487,82,254365
9,Who’s Afraid of Little Old Me?,THE TORTURED POETS DEPARTMENT: THE ANTHOLOGY,2024-04-19,10,2d8UxVNhJinc8uat9PoM9y,spotify:track:2d8UxVNhJinc8uat9PoM9y,0.315,0.606,0.338,0.0,0.106,-10.555,0.048,119.88,0.238,81,334084
10,I Can Fix Him (No Really I Can),THE TORTURED POETS DEPARTMENT: THE ANTHOLOGY,2024-04-19,11,5chnRTB9qMK3W1M41SnU9s,spotify:track:5chnRTB9qMK3W1M41SnU9s,0.768,0.661,0.257,1.72e-06,0.176,-13.961,0.045,106.896,0.318,77,156297
11,loml,THE TORTURED POETS DEPARTMENT: THE ANTHOLOGY,2024-04-19,12,3YkNIrAvbKNrrwwEd7NVLl,spotify:track:3YkNIrAvbKNrrwwEd7NVLl,0.858,0.423,0.272,0.0,0.108,-12.56,0.0489,78.539,0.195,80,277156
12,I Can Do It With a Broken Heart,THE TORTURED POETS DEPARTMENT: THE ANTHOLOGY,2024-04-19,13,2fPvQfGQEZOKtJ9qXeL4x8,spotify:track:2fPvQfGQEZOKtJ9qXeL4x8,0.123,0.701,0.751,0.0,0.15,-8.39,0.0502,129.994,0.22,82,218004
13,The Smallest Man Who Ever Lived,THE TORTURED POETS DEPARTMENT: THE ANTHOLOGY,2024-04-19,14,1xtw1krCR6Dw2KwkXw5z63,spotify:track:1xtw1krCR6Dw2KwkXw5z63,0.52,0.426,0.41,0.0,0.338,-9.083,0.0581,142.377,0.263,81,245541
14,The Alchemy,THE TORTURED POETS DEPARTMENT: THE ANTHOLOGY,2024-04-19,15,1tuNqJOtRQVHvONR8Lg3MZ,spotify:track:1tuNqJOtRQVHvONR8Lg3MZ,0.422,0.64,0.421,0.0,0.103,-8.802,0.0273,100.056,0.353,78,196900
15,Clara Bow,THE TORTURED POETS DEPARTMENT: THE ANTHOLOGY,2024-04-19,16,4d9PtIEVij9jW5OaLinH66,spotify:track:4d9PtIEVij9jW5OaLinH66,0.636,0.686,0.318,0.00144,0.106,-11.046,0.0263,104.088,0.214,76,216662
16,The Black Dog,THE TORTURED POETS DEPARTMENT: THE ANTHOLOGY,2024-04-19,17,62E2nR0od0M5HYxuYLaDz7,spotify:track:62E2nR0od0M5HYxuYLaDz7,0.707,0.527,0.27,0.0,0.102,-10.855,0.038,154.042,0.23,79,238857
17,imgonnagetyouback,THE TORTURED POETS DEPARTMENT: THE ANTHOLOGY,2024-04-19,18,1kcwpPDQnqEqmezzXdJTCP,spotify:track:1kcwpPDQnqEqmezzXdJTCP,0.608,0.784,0.391,0.0,0.252,-9.471,0.0633,110.007,0.15,81,222072
18,The Albatross,THE TORTURED POETS DEPARTMENT: THE ANTHOLOGY,2024-04-19,19,4EF6IyONolQy0bIQXm2EmX,spotify:track:4EF6IyONolQy0bIQXm2EmX,0.655,0.352,0.479,0.0,0.0935,-8.942,0.0583,172.013,0.292,77,183878
19,Chloe or Sam or Sophia or Marcus,THE TORTURED POETS DEPARTMENT: THE ANTHOLOGY,2024-04-19,20,1rmEsOezwf2lmIZTMAO5Ag,spotify:track:1rmEsOezwf2lmIZTMAO5Ag,0.78,0.516,0.451,0.0,0.105,-8.552,0.0446,70.266,0.218,77,213281
20,How Did It End?,THE TORTURED POETS DEPARTMENT: THE ANTHOLOGY,2024-04-19,21,5Bedn0svl0ZD7RGmJkmKKw,spotify:track:5Bedn0svl0ZD7RGmJkmKKw,0.785,0.492,0.379,0.00093,0.108,-8.859,0.0257,83.993,0.273,80,238706
21,So High School,THE TORTURED POETS DEPARTMENT: THE ANTHOLOGY,2024-04-19,22,7Mts0OfPorF4iwOomvfqn1,spotify:track:7Mts0OfPorF4iwOomvfqn1,0.0274,0.366,0.866,3.07e-06,0.106,-4.514,0.0466,176.07,0.293,82,228800
22,I Hate It Here,THE TORTURED POETS DEPARTMENT: THE ANTHOLOGY,2024-04-19,23,3hlGuz3loYoLfI3bpwieWq,spotify:track:3hlGuz3loYoLfI3bpwieWq,0.717,0.485,0.562,0.0,0.357,-7.197,0.0346,105.953,0.297,78,243875
23,thanK you aIMee,THE TORTURED POETS DEPARTMENT: THE ANTHOLOGY,2024-04-19,24,7ogK4lJDVDMU6A6vYR5rvD,spotify:track:7ogK4lJDVDMU6A6vYR5rvD,0.609,0.609,0.541,0.0,0.122,-8.013,0.0346,95.997,0.252,76,263817
24,I Look in People's Windows,THE TORTURED POETS DEPARTMENT: THE ANTHOLOGY,2024-04-19,25,1Zai5UJ2di3qEuR2HeT2s8,spotify:track:1Zai5UJ2di3qEuR2HeT2s8,0.69,0.763,0.274,0.0,0.164,-11.429,0.0738,90.796,0.385,76,131907
25,The Prophecy,THE TORTURED POETS DEPARTMENT: THE ANTHOLOGY,2024-04-19,26,18WFFUIsewmA8g31KAeo3e,spotify:track:18WFFUIsewmA8g31KAeo3e,0.825,0.421,0.525,2.67e-06,0.308,-10.359,0.0472,167.927,0.535,81,249807
26,Cassandra,THE TORTURED POETS DEPARTMENT: THE ANTHOLOGY,2024-04-19,27,0g4fMVo4JjwnIpTfFfLdxS,spotify:track:0g4fMVo4JjwnIpTfFfLdxS,0.806,0.587,0.587,0.0,0.137,-9.879,0.0595,139.963,0.514,76,240205
27,Peter,THE TORTURED POETS DEPARTMENT: THE ANTHOLOGY,2024-04-19,28,3zMDGj4D8ogaYgAIZPeU7S,spotify:track:3zMDGj4D8ogaYgAIZPeU7S,0.805,0.342,0.376,0.0,0.0593,-8.212,0.0372,176.859,0.29,77,283957
28,The Bolter,THE TORTURED POETS DEPARTMENT: THE ANTHOLOGY,2024-04-19,29,2913xXOVAIDAqxzV2g4VcU,spotify:track:2913xXOVAIDAqxzV2g4VcU,0.638,0.455,0.586,0.0,0.131,-7.978,0.0492,183.694,0.481,77,238241
29,Robin,THE TORTURED POETS DEPARTMENT: THE ANTHOLOGY,2024-04-19,30,2CnjDMdpRjlWv04Xk3s6MW,spotify:track:2CnjDMdpRjlWv04Xk3s6MW,0.791,0.476,0.386,0.000423,0.1,-10.601,0.03,138.265,0.158,73,240893
30,The Manuscript,THE TORTURED POETS DEPARTMENT: THE ANTHOLOGY,2024-04-19,31,1DTRUYVd8rYpla9hhVVwjo,spotify:track:1DTRUYVd8rYpla9hhVVwjo,0.901,0.509,0.256,2.43e-06,0.103,-11.665,0.0306,94.184,0.436,74,224743
47,Welcome To New York (Taylor's Version),1989 (Taylor's Version) [Deluxe],2023-10-27,1,4WUepByoeqcedHoYhSNHRt,spotify:track:4WUepByoeqcedHoYhSNHRt,0.00661,0.76,0.602,0.000133,0.325,-4.871,0.0316,116.989,0.685,62,212600
48,Blank Space (Taylor's Version),1989 (Taylor's Version) [Deluxe],2023-10-27,2,0108kcWLnn2HlH2kedi1gn,spotify:track:0108kcWLnn2HlH2kedi1gn,0.0901,0.732,0.719,0.0,0.331,-5.469,0.0645,96.035,0.71,64,231833
49,Style (Taylor's Version),1989 (Taylor's Version) [Deluxe],2023-10-27,3,3Vpk1hfMAQme8VJ0SNRSkd,spotify:track:3Vpk1hfMAQme8VJ0SNRSkd,0.000456,0.514,0.821,0.0232,0.0946,-4.803,0.0444,94.884,0.298,65,231000
50,Out Of The Woods (Taylor's Version),1989 (Taylor's Version) [Deluxe],2023-10-27,4,1OcSfkeCg9hRC2sFKB4IMJ,spotify:track:1OcSfkeCg9hRC2sFKB4IMJ,0.000466,0.544,0.884,0.000134,0.381,-5.973,0.0383,91.981,0.184,63,235800
51,All You Had To Do Was Stay (Taylor's Version),1989 (Taylor's Version) [Deluxe],2023-10-27,5,2k0ZEeAqzvYMcx9Qt5aClQ,spotify:track:2k0ZEeAqzvYMcx9Qt5aClQ,0.000778,0.589,0.713,0.0,0.188,-5.614,0.0308,97.069,0.54,62,193289
52,Shake It Off (Taylor's Version),1989 (Taylor's Version) [Deluxe],2023-10-27,6,50yNTF0Od55qnHLxYsA5Pw,spotify:track:50yNTF0Od55qnHLxYsA5Pw,0.0112,0.632,0.805,2.51e-05,0.156,-5.707,0.069,160.052,0.903,62,219209
53,I Wish You Would (Taylor's Version),1989 (Taylor's Version) [Deluxe],2023-10-27,7,3FxJDucHWdw6caWTKO5b23,spotify:track:3FxJDucHWdw6caWTKO5b23,0.00388,0.671,0.853,9.48e-06,0.0812,-6.568,0.0417,118.032,0.523,61,207650
54,Bad Blood (Taylor's Version),1989 (Taylor's Version) [Deluxe],2023-10-27,8,7oZONwFiFIErZcXAtTu7FY,spotify:track:7oZONwFiFIErZcXAtTu7FY,0.0369,0.624,0.711,3.13e-06,0.19,-6.347,0.159,169.999,0.347,61,211103
55,Wildest Dreams (Taylor's Version),1989 (Taylor's Version) [Deluxe],2023-10-27,9,27exgla7YBw9DUNNcTIpjy,spotify:track:27exgla7YBw9DUNNcTIpjy,0.0348,0.587,0.663,9.95e-05,0.0971,-7.439,0.0598,139.993,0.539,63,220433
56,How You Get The Girl (Taylor's Version),1989 (Taylor's Version) [Deluxe],2023-10-27,10,733OhaXQIHY7BKtY3vnSkn,spotify:track:733OhaXQIHY7BKtY3vnSkn,0.00198,0.761,0.67,1.08e-05,0.0873,-5.956,0.0537,120.014,0.519,61,247533
57,This Love (Taylor’s Version),1989 (Taylor's Version) [Deluxe],2023-10-27,11,4WBEj8TeGtRPNJdOmT3WJW,spotify:track:4WBEj8TeGtRPNJdOmT3WJW,0.302,0.47,0.494,0.0,0.0672,-8.672,0.0349,144.039,0.0524,60,250100
58,I Know Places (Taylor's Version),1989 (Taylor's Version) [Deluxe],2023-10-27,12,1ULabO0PEsdJekqVH6G10G,spotify:track:1ULabO0PEsdJekqVH6G10G,0.0846,0.572,0.807,0.0,0.071,-5.348,0.0574,160.015,0.626,61,195700
59,Clean (Taylor's Version),1989 (Taylor's Version) [Deluxe],2023-10-27,13,0lKUBmEyQfzsQHozyeXzES,spotify:track:0lKUBmEyQfzsQHozyeXzES,0.297,0.782,0.379,2.98e-05,0.103,-8.964,0.0303,103.99,0.267,62,271000
60,Wonderland (Taylor's Version),1989 (Taylor's Version) [Deluxe],2023-10-27,14,6HRsJu8vcnzYDN4t0570FY,spotify:track:6HRsJu8vcnzYDN4t0570FY,0.0105,0.387,0.703,1.1e-05,0.128,-5.956,0.0545,123.18,0.32,61,245566
61,You Are In Love (Taylor's Version),1989 (Taylor's Version) [Deluxe],2023-10-27,15,0TyGh27YQ5LknmiDhCzJiT,spotify:track:0TyGh27YQ5LknmiDhCzJiT,0.572,0.554,0.509,2.08e-06,0.113,-9.403,0.0455,85.079,0.401,62,267389
62,New Romantics (Taylor's Version),1989 (Taylor's Version) [Deluxe],2023-10-27,16,5M787RexsAiVYjQusM98CV,spotify:track:5M787RexsAiVYjQusM98CV,0.00516,0.653,0.848,4.24e-06,0.0798,-5.936,0.0583,122.017,0.724,63,230177
63,"""Slut!"" (Taylor's Version) (From The Vault)",1989 (Taylor's Version) [Deluxe],2023-10-27,17,0CD7DzeCsuPJygddqlUVYa,spotify:track:0CD7DzeCsuPJygddqlUVYa,0.33,0.621,0.415,0.000112,0.0634,-13.187,0.0543,77.978,0.313,64,180381
64,Say Don't Go (Taylor's Version) (From The Vault),1989 (Taylor's Version) [Deluxe],2023-10-27,18,3CCRVu4F91Qp2mnGjmWBrf,spotify:track:3CCRVu4F91Qp2mnGjmWBrf,0.0684,0.632,0.539,5.82e-06,0.132,-8.375,0.0342,109.962,0.186,63,279833
65,Now That We Don't Talk (Taylor's Version) (From The Vault),1989 (Taylor's Version) [Deluxe],2023-10-27,19,5QUIK7ZtziW8kGWo8RqopF,spotify:track:5QUIK7ZtziW8kGWo8RqopF,0.16,0.8,0.509,3.05e-05,0.0834,-9.386,0.034,109.994,0.0768,65,146436
66,Suburban Legends (Taylor's Version) (From The Vault),1989 (Taylor's Version) [Deluxe],2023-10-27,20,6M9ppdfFjR1AbpUl3Y8DcV,spotify:track:6M9ppdfFjR1AbpUl3Y8DcV,0.212,0.695,0.607,0.0,0.102,-8.84,0.0357,118.043,0.394,61,171818
67,Is It Over Now? (Taylor's Version) (From The Vault),1989 (Taylor's Version) [Deluxe],2023-10-27,21,6IG3sQ8s9nfk6TUlVzRhbN,spotify:track:6IG3sQ8s9nfk6TUlVzRhbN,0.0486,0.599,0.651,0.0,0.126,-7.343,0.035,100.001,0.153,66,229477
68,Bad Blood (feat. Kendrick Lamar) (Taylor's Version),1989 (Taylor's Version) [Deluxe],2023-10-27,22,6qAcApH8obo8eqatCKUHd9,spotify:track:6qAcApH8obo8eqatCKUHd9,0.0143,0.604,0.644,0.0,0.237,-6.931,0.0889,170.088,0.197,74,199773
69,Welcome To New York (Taylor's Version),1989 (Taylor's Version),2023-10-26,1,1hR8BSuEqPCCZfv93zzzz9,spotify:track:1hR8BSuEqPCCZfv93zzzz9,0.00661,0.76,0.602,0.000133,0.325,-4.871,0.0316,116.989,0.685,71,212600
70,Blank Space (Taylor's Version),1989 (Taylor's Version),2023-10-26,2,45wMBGri1PORPjM9PwFfrS,spotify:track:45wMBGri1PORPjM9PwFfrS,0.0901,0.732,0.719,0.0,0.331,-5.469,0.0645,96.035,0.71,80,231833
71,Style (Taylor's Version),1989 (Taylor's Version),2023-10-26,3,1hjRhYpWyqDpPahmSlUTlc,spotify:track:1hjRhYpWyqDpPahmSlUTlc,0.000456,0.514,0.821,0.0232,0.0946,-4.803,0.0444,94.884,0.298,79,231000
72,Out Of The Woods (Taylor's Version),1989 (Taylor's Version),2023-10-26,4,045ZeOHPIzhxxsm8bq5kyE,spotify:track:045ZeOHPIzhxxsm8bq5kyE,0.000466,0.544,0.884,0.000134,0.381,-5.973,0.0383,91.981,0.184,73,235800
73,All You Had To Do Was Stay (Taylor's Version),1989 (Taylor's Version),2023-10-26,5,6GXgd1BPD9bUpqw5AntGV5,spotify:track:6GXgd1BPD9bUpqw5AntGV5,0.000778,0.589,0.713,0.0,0.188,-5.614,0.0308,97.069,0.54,69,193289
74,Shake It Off (Taylor's Version),1989 (Taylor's Version),2023-10-26,6,3pv7Q5v2dpdefwdWIvE7yH,spotify:track:3pv7Q5v2dpdefwdWIvE7yH,0.0112,0.632,0.805,2.51e-05,0.156,-5.707,0.069,160.052,0.903,75,219209
75,I Wish You Would (Taylor's Version),1989 (Taylor's Version),2023-10-26,7,43y1WpBdnEy5TR9aZoSQL9,spotify:track:43y1WpBdnEy5TR9aZoSQL9,0.00388,0.671,0.853,9.48e-06,0.0812,-6.568,0.0417,118.032,0.523,68,207650
76,Bad Blood (Taylor's Version),1989 (Taylor's Version),2023-10-26,8,64FzgoLZ3oXu2SriZblHic,spotify:track:64FzgoLZ3oXu2SriZblHic,0.0369,0.624,0.711,3.13e-06,0.19,-6.347,0.159,169.999,0.347,71,211103
77,Wildest Dreams (Taylor's Version),1989 (Taylor's Version),2023-10-26,9,1K39ty6o1sHwwlZwO6a7wK,spotify:track:1K39ty6o1sHwwlZwO6a7wK,0.0348,0.587,0.663,9.95e-05,0.0971,-7.439,0.0598,139.993,0.539,77,220433
78,How You Get The Girl (Taylor's Version),1989 (Taylor's Version),2023-10-26,10,75W3SngKzTuoQ94uLf3y82,spotify:track:75W3SngKzTuoQ94uLf3y82,0.00198,0.761,0.67,1.08e-05,0.0873,-5.956,0.0537,120.014,0.519,67,247533
79,This Love (Taylor’s Version),1989 (Taylor's Version),2023-10-26,11,5QVVjX0ZItqlVpEuVCM9Yg,spotify:track:5QVVjX0ZItqlVpEuVCM9Yg,0.302,0.47,0.494,0.0,0.0672,-8.672,0.0349,144.039,0.0524,67,250100
80,I Know Places (Taylor's Version),1989 (Taylor's Version),2023-10-26,12,2f0GI2ZLUtbGqFx8t2Gk6A,spotify:track:2f0GI2ZLUtbGqFx8t2Gk6A,0.0846,0.572,0.807,0.0,0.071,-5.348,0.0574,160.015,0.626,66,195700
81,Clean (Taylor's Version),1989 (Taylor's Version),2023-10-26,13,2ByBBvpR9b7IynvRmnG7kG,spotify:track:2ByBBvpR9b7IynvRmnG7kG,0.297,0.782,0.379,2.98e-05,0.103,-8.964,0.0303,103.99,0.267,70,271000
82,Wonderland (Taylor's Version),1989 (Taylor's Version),2023-10-26,14,2ve0kuaWUCt4Zx8x4bf1MR,spotify:track:2ve0kuaWUCt4Zx8x4bf1MR,0.0105,0.387,0.703,1.1e-05,0.128,-5.956,0.0545,123.18,0.32,67,245566
83,You Are In Love (Taylor's Version),1989 (Taylor's Version),2023-10-26,15,4UwqOWDpdeIDVQDuKT6iza,spotify:track:4UwqOWDpdeIDVQDuKT6iza,0.572,0.554,0.509,2.08e-06,0.113,-9.403,0.0455,85.079,0.401,69,267389
84,New Romantics (Taylor's Version),1989 (Taylor's Version),2023-10-26,16,2vPMoMDXxu9uX1igWZmXSG,spotify:track:2vPMoMDXxu9uX1igWZmXSG,0.00516,0.653,0.848,4.24e-06,0.0798,-5.936,0.0583,122.017,0.724,74,230177
85,"""Slut!"" (Taylor's Version) (From The Vault)",1989 (Taylor's Version),2023-10-26,17,71BqAINEnezjQfxE4VuJfq,spotify:track:71BqAINEnezjQfxE4VuJfq,0.33,0.621,0.415,0.000112,0.0634,-13.187,0.0543,77.978,0.313,77,180381
86,Say Don't Go (Taylor's Version) (From The Vault),1989 (Taylor's Version),2023-10-26,18,4NioO5R9sHEZh4cGzMHyNt,spotify:track:4NioO5R9sHEZh4cGzMHyNt,0.0684,0.632,0.539,5.82e-06,0.132,-8.375,0.0342,109.962,0.186,73,279833
87,Now That We Don't Talk (Taylor's Version) (From The Vault),1989 (Taylor's Version),2023-10-26,19,5KD6AEm19QnMbfWpfoOHMl,spotify:track:5KD6AEm19QnMbfWpfoOHMl,0.16,0.8,0.509,3.05e-05,0.0834,-9.386,0.034,109.994,0.0768,77,146436
88,Suburban Legends (Taylor's Version) (From The Vault),1989 (Taylor's Version),2023-10-26,20,6T0sEnqjmHISIKwFETeeiP,spotify:track:6T0sEnqjmHISIKwFETeeiP,0.212,0.695,0.607,0.0,0.102,-8.84,0.0357,118.043,0.394,68,171818
89,Is It Over Now? (Taylor's Version) (From The Vault),1989 (Taylor's Version),2023-10-26,21,1Iq8oo9XkmmvCQiGOfORiz,spotify:track:1Iq8oo9XkmmvCQiGOfORiz,0.0486,0.599,0.651,0.0,0.126,-7.343,0.035,100.001,0.153,78,229477
90,Mine (Taylor's Version),Speak Now (Taylor's Version),2023-07-07,1,7G0gBu6nLdhFDPRLc0HdDG,spotify:track:7G0gBu6nLdhFDPRLc0HdDG,0.00314,0.647,0.793,1.93e-06,0.174,-2.903,0.0363,121.101,0.5,74,231706
91,Sparks Fly (Taylor’s Version),Speak Now (Taylor's Version),2023-07-07,2,3MytWN8L7shNYzGl4tAKRp,spotify:track:3MytWN8L7shNYzGl4tAKRp,0.0241,0.605,0.769,0.0,0.0936,-2.413,0.032,114.921,0.366,72,261230
92,Back To December (Taylor's Version),Speak Now (Taylor's Version),2023-07-07,3,79uDOz0zuuWS7HWxzMmTa2,spotify:track:79uDOz0zuuWS7HWxzMmTa2,0.00705,0.486,0.635,0.0,0.119,-3.994,0.0278,141.868,0.235,74,294189
93,Speak Now (Taylor's Version),Speak Now (Taylor's Version),2023-07-07,4,5xXqyjLicvEpch72qEryFT,spotify:track:5xXqyjLicvEpch72qEryFT,0.225,0.734,0.686,0.0,0.136,-2.926,0.0349,119.002,0.598,69,242473
94,Dear John (Taylor's Version),Speak Now (Taylor's Version),2023-07-07,5,1zU8j1x3yi9xalMF96pzKp,spotify:track:1zU8j1x3yi9xalMF96pzKp,0.0327,0.379,0.468,0.0,0.158,-5.07,0.0298,119.447,0.115,69,405906
95,Mean (Taylor's Version),Speak Now (Taylor's Version),2023-07-07,6,30Y4CV7A6YqtQtTTo7Ue4j,spotify:track:30Y4CV7A6YqtQtTTo7Ue4j,0.321,0.526,0.7,0.0,0.213,-3.95,0.0392,163.949,0.596,69,238693
96,The Story Of Us (Taylor's Version),Speak Now (Taylor's Version),2023-07-07,7,6dTA6y0C2ReQklntzZl8l3,spotify:track:6dTA6y0C2ReQklntzZl8l3,0.00136,0.516,0.784,0.0,0.0499,-2.636,0.0563,139.787,0.552,70,267653
97,Never Grow Up (Taylor's Version),Speak Now (Taylor's Version),2023-07-07,8,2EFZ9emtKWEglWUQGEQ3P9,spotify:track:2EFZ9emtKWEglWUQGEQ3P9,0.867,0.684,0.339,0.0,0.194,-7.259,0.029,125.054,0.572,65,292920
98,Enchanted (Taylor's Version),Speak Now (Taylor's Version),2023-07-07,9,3sW3oSbzsfecv9XoUdGs7h,spotify:track:3sW3oSbzsfecv9XoUdGs7h,0.016,0.52,0.553,0.0,0.165,-3.546,0.0269,81.949,0.227,80,353253
99,Better Than Revenge (Taylor's Version),Speak Now (Taylor's Version),2023-07-07,10,0NwGC0v03ysCYINtg6ns58,spotify:track:0NwGC0v03ysCYINtg6ns58,0.000795,0.505,0.893,0.0,0.178,-3.013,0.0771,145.913,0.659,71,220306
100,Innocent (Taylor's Version),Speak Now (Taylor's Version),2023-07-07,11,12nBPF4Rh4XLFJV0YLN7uj,spotify:track:12nBPF4Rh4XLFJV0YLN7uj,0.0972,0.524,0.611,0.0,0.127,-5.298,0.0297,133.583,0.126,63,301221
101,Haunted (Taylor's Version),Speak Now (Taylor's Version),2023-07-07,12,4tMzIAFTFdqGBQLdfbPces,spotify:track:4tMzIAFTFdqGBQLdfbPces,0.00552,0.44,0.916,0.0,0.252,-1.927,0.0629,162.025,0.371,69,245413
102,Last Kiss (Taylor's Version),Speak Now (Taylor's Version),2023-07-07,13,59KOoHFcw5XfICnO57holu,spotify:track:59KOoHFcw5XfICnO57holu,0.443,0.557,0.362,3.57e-06,0.1,-8.641,0.0263,79.573,0.187,69,369120
103,Long Live (Taylor's Version),Speak Now (Taylor's Version),2023-07-07,14,4hqJ4bSlYJOXb6Z4SRmzxs,spotify:track:4hqJ4bSlYJOXb6Z4SRmzxs,0.0162,0.38,0.628,0.0,0.227,-4.054,0.038,203.826,0.0984,73,317960
104,Ours (Taylor’s Version),Speak Now (Taylor's Version),2023-07-07,15,3yNJkriPzWjkkDAWHIAVUq,spotify:track:3yNJkriPzWjkkDAWHIAVUq,0.42,0.539,0.475,0.0,0.109,-8.411,0.0287,159.824,0.293,66,235803
105,Superman (Taylor’s Version),Speak Now (Taylor's Version),2023-07-07,16,4evLyY5Ue1Wesc61t2KXAU,spotify:track:4evLyY5Ue1Wesc61t2KXAU,0.00207,0.537,0.733,0.0,0.11,-3.506,0.0302,131.898,0.347,62,274945
106,Electric Touch (feat. Fall Out Boy) (Taylor’s Version) (From The Vault),Speak Now (Taylor's Version),2023-07-07,17,4e3ZNTAV6PCrdYMUrUlMpQ,spotify:track:4e3ZNTAV6PCrdYMUrUlMpQ,0.018,0.547,0.854,0.0,0.156,-4.753,0.0526,131.068,0.26,68,266466
107,When Emma Falls in Love (Taylor’s Version) (From The Vault),Speak Now (Taylor's Version),2023-07-07,18,0zo975x58DlXbZllWvfYhg,spotify:track:0zo975x58DlXbZllWvfYhg,0.168,0.524,0.759,0.0,0.104,-4.714,0.0471,77.879,0.234,66,252385
108,I Can See You (Taylor’s Version) (From The Vault),Speak Now (Taylor's Version),2023-07-07,19,5kHMfzgLZP95O9NBy0ku4v,spotify:track:5kHMfzgLZP95O9NBy0ku4v,0.0577,0.695,0.768,0.0,0.0426,-4.883,0.0344,123.054,0.813,75,273186
109,Castles Crumbling (feat. Hayley Williams) (Taylor’s Version) (From The Vault),Speak Now (Taylor's Version),2023-07-07,20,4ABYxlb92WBIjHu7TIKmml,spotify:track:4ABYxlb92WBIjHu7TIKmml,0.342,0.578,0.565,0.0,0.0662,-8.064,0.0441,147.781,0.351,67,306062
110,Foolish One (Taylor’s Version) (From The Vault),Speak Now (Taylor's Version),2023-07-07,21,4s8BIKx4Zh6ryAEz8RTlaU,spotify:track:4s8BIKx4Zh6ryAEz8RTlaU,0.599,0.672,0.613,0.0,0.112,-4.709,0.0298,97.041,0.557,68,311765
111,Timeless (Taylor’s Version) (From The Vault),Speak Now (Taylor's Version),2023-07-07,22,1HCdems7PQZRj42QDWLA0A,spotify:track:1HCdems7PQZRj42QDWLA0A,0.332,0.629,0.578,0.0,0.0868,-5.806,0.0319,142.887,0.651,69,321396
135,Lavender Haze,Midnights (3am Edition),2022-10-22,1,4g2c7NoTWAOSYDy44l9nub,spotify:track:4g2c7NoTWAOSYDy44l9nub,0.23,0.735,0.449,0.00126,0.132,-10.56,0.0883,97.05,0.0955,61,202395
136,Maroon,Midnights (3am Edition),2022-10-22,2,199E1RRrVmVTQqBXih5qRC,spotify:track:199E1RRrVmVTQqBXih5qRC,0.0634,0.655,0.384,1.45e-06,0.0973,-8.29,0.0349,108.058,0.0384,61,218270
137,Anti-Hero,Midnights (3am Edition),2022-10-22,3,02Zkkf2zMkwRGQjZ7T4p8f,spotify:track:02Zkkf2zMkwRGQjZ7T4p8f,0.121,0.633,0.648,2.62e-06,0.161,-6.645,0.062,96.888,0.49,62,200690
138,Snow On The Beach (feat. Lana Del Rey),Midnights (3am Edition),2022-10-22,4,6ADDIJxxqzM9LMpm78yzQG,spotify:track:6ADDIJxxqzM9LMpm78yzQG,0.701,0.663,0.321,0.000598,0.107,-13.527,0.0409,110.021,0.153,62,256124
139,"You're On Your Own, Kid",Midnights (3am Edition),2022-10-22,5,7gVWKBcfIW93YxNBi3ApIE,spotify:track:7gVWKBcfIW93YxNBi3ApIE,0.447,0.696,0.39,1.55e-05,0.125,-10.331,0.0616,120.032,0.395,62,194206
140,Midnight Rain,Midnights (3am Edition),2022-10-22,6,6Nl7KyvjkFncGsjB49SxLl,spotify:track:6Nl7KyvjkFncGsjB49SxLl,0.71,0.604,0.375,5.87e-05,0.116,-11.637,0.0633,137.651,0.203,61,174782
141,Question...?,Midnights (3am Edition),2022-10-22,7,6C7OF1Jal7YkyjzyUG8vkK,spotify:track:6C7OF1Jal7YkyjzyUG8vkK,0.206,0.654,0.51,0.0,0.249,-8.767,0.242,108.874,0.105,58,210556
142,Vigilante Shit,Midnights (3am Edition),2022-10-22,8,5yeuXkukVGuix3vmLu2BPJ,spotify:track:5yeuXkukVGuix3vmLu2BPJ,0.166,0.872,0.267,2.18e-05,0.123,-10.764,0.387,79.964,0.168,61,164801
143,Bejeweled,Midnights (3am Edition),2022-10-22,9,0jvo9CjnbR0lYUDTSNTMiu,spotify:track:0jvo9CjnbR0lYUDTSNTMiu,0.0593,0.687,0.551,0.000143,0.09,-9.202,0.0787,163.994,0.443,62,194165
144,Labyrinth,Midnights (3am Edition),2022-10-22,10,43q586vP8gGkYypKoSddhl,spotify:track:43q586vP8gGkYypKoSddhl,0.797,0.48,0.295,0.333,0.12,-15.512,0.0384,110.018,0.132,58,247962
145,Karma,Midnights (3am Edition),2022-10-22,11,5oqDgw5VGBln5dSIOPWyBq,spotify:track:5oqDgw5VGBln5dSIOPWyBq,0.062,0.64,0.619,0.0,0.475,-7.108,0.065,90.008,0.121,65,204852
146,Sweet Nothing,Midnights (3am Edition),2022-10-22,12,3zmwONxswBAzGwExPugSLN,spotify:track:3zmwONxswBAzGwExPugSLN,0.968,0.336,0.161,0.00011,0.115,-14.973,0.0456,176.48,0.407,60,188496
147,Mastermind,Midnights (3am Edition),2022-10-22,13,56hioFjQ0DXrdn04hZcFgG,spotify:track:56hioFjQ0DXrdn04hZcFgG,0.565,0.66,0.343,0.00134,0.0922,-14.132,0.14,125.96,0.137,64,191039
148,The Great War,Midnights (3am Edition),2022-10-22,14,3UMrglJeju5yWyYIW6o99b,spotify:track:3UMrglJeju5yWyYIW6o99b,0.199,0.57,0.747,2.32e-05,0.0854,-8.93,0.0342,96.016,0.574,69,240355
149,Bigger Than The Whole Sky,Midnights (3am Edition),2022-10-22,15,0BiqmkasE5FdrChwKfVp8X,spotify:track:0BiqmkasE5FdrChwKfVp8X,0.841,0.42,0.22,0.00131,0.114,-12.584,0.0472,165.564,0.0705,66,218502
150,Paris,Midnights (3am Edition),2022-10-22,16,7712gjoih4QoDbXpljEk21,spotify:track:7712gjoih4QoDbXpljEk21,0.103,0.703,0.518,2.89e-05,0.148,-10.501,0.085,110.94,0.347,66,196258
151,High Infidelity,Midnights (3am Edition),2022-10-22,17,5kiZGSxgqPdv6rbqL9THdd,spotify:track:5kiZGSxgqPdv6rbqL9THdd,0.704,0.571,0.547,0.0,0.0877,-10.141,0.101,175.933,0.768,64,231475
152,Glitch,Midnights (3am Edition),2022-10-22,18,6wAFvJPpTZVirBKGZ4EnMW,spotify:track:6wAFvJPpTZVirBKGZ4EnMW,0.314,0.677,0.47,0.0,0.11,-9.65,0.259,140.881,0.347,63,148781
153,"Would've, Could've, Should've",Midnights (3am Edition),2022-10-22,19,0aV5uARAknQgYhBaK944FP,spotify:track:0aV5uARAknQgYhBaK944FP,0.393,0.485,0.846,0.00115,0.124,-6.557,0.117,157.918,0.548,68,260361
154,Dear Reader,Midnights (3am Edition),2022-10-22,20,3QF5RsWzK1lCvf2o2cY65P,spotify:track:3QF5RsWzK1lCvf2o2cY65P,0.464,0.674,0.39,0.00122,0.116,-11.944,0.0483,107.891,0.151,64,225194
168,State Of Grace (Taylor's Version),Red (Taylor's Version),2021-11-12,1,6lzc0Al0zfZOIFsFvBS1ki,spotify:track:6lzc0Al0zfZOIFsFvBS1ki,0.000328,0.594,0.713,0.0,0.114,-5.314,0.0503,129.958,0.328,65,295413
169,Red (Taylor's Version),Red (Taylor's Version),2021-11-12,2,4OAuvHryIVv4kMDNSLuPt6,spotify:track:4OAuvHryIVv4kMDNSLuPt6,0.00108,0.516,0.777,1.62e-06,0.0761,-4.908,0.0375,125.047,0.408,73,223093
170,Treacherous (Taylor's Version),Red (Taylor's Version),2021-11-12,3,3S7HNKPakdwNEBFIVTL6dZ,spotify:track:3S7HNKPakdwNEBFIVTL6dZ,0.0344,0.645,0.593,0.000127,0.13,-6.506,0.0288,109.984,0.299,65,242720
171,I Knew You Were Trouble (Taylor's Version),Red (Taylor's Version),2021-11-12,4,6AtZLIzUINvExIUy4QhdjP,spotify:track:6AtZLIzUINvExIUy4QhdjP,0.0129,0.584,0.557,0.0,0.0576,-6.371,0.0342,154.008,0.767,76,219760
172,All Too Well (Taylor's Version),Red (Taylor's Version),2021-11-12,5,3nsfB1vus2qaloUdcBZvDu,spotify:track:3nsfB1vus2qaloUdcBZvDu,0.0171,0.44,0.528,0.00203,0.234,-7.809,0.0317,185.972,0.132,71,329160
173,22 (Taylor's Version),Red (Taylor's Version),2021-11-12,6,3yII7UwgLF6K5zW3xad3MP,spotify:track:3yII7UwgLF6K5zW3xad3MP,0.000443,0.642,0.695,1.02e-05,0.0753,-5.62,0.0281,103.984,0.642,76,230960
174,I Almost Do (Taylor's Version),Red (Taylor's Version),2021-11-12,7,2r9CbjYgFhtAmcFv1cSquB,spotify:track:2r9CbjYgFhtAmcFv1cSquB,0.0167,0.511,0.559,0.0,0.113,-6.587,0.0264,145.88,0.248,64,244586
175,We Are Never Ever Getting Back Together (Taylor's Version),Red (Taylor's Version),2021-11-12,8,5YqltLsjdqFtvqE7Nrysvs,spotify:track:5YqltLsjdqFtvqE7Nrysvs,0.0317,0.567,0.686,1.86e-06,0.0732,-6.139,0.175,172.014,0.716,76,193146
176,Stay Stay Stay (Taylor's Version),Red (Taylor's Version),2021-11-12,9,7eQj6r5PIdYKEIZjucBMcq,spotify:track:7eQj6r5PIdYKEIZjucBMcq,0.0848,0.693,0.681,0.0,0.0768,-7.039,0.025,100.02,0.663,64,205786
177,The Last Time (feat. Gary Lightbody of Snow Patrol) (Taylor’s Version),Red (Taylor's Version),2021-11-12,10,0y6kdSRCVQhSsHSpWvTUm7,spotify:track:0y6kdSRCVQhSsHSpWvTUm7,0.0399,0.502,0.534,0.0,0.0977,-5.954,0.0278,94.05,0.155,67,299080
178,Holy Ground (Taylor's Version),Red (Taylor's Version),2021-11-12,11,7J4b3LVCIGO4CMBDFLPoP6,spotify:track:7J4b3LVCIGO4CMBDFLPoP6,0.0288,0.622,0.809,0.00218,0.109,-5.623,0.0638,156.894,0.511,64,202960
179,Sad Beautiful Tragic (Taylor's Version),Red (Taylor's Version),2021-11-12,12,73qMN9bXy7MSPwwGfH3wQr,spotify:track:73qMN9bXy7MSPwwGfH3wQr,0.622,0.601,0.406,9.19e-05,0.133,-11.827,0.0275,130.059,0.232,65,284773
180,The Lucky One (Taylor's Version),Red (Taylor's Version),2021-11-12,13,4e5ayHsOLJNLTGfjau2mEw,spotify:track:4e5ayHsOLJNLTGfjau2mEw,0.066,0.686,0.571,0.0,0.0608,-7.138,0.05,117.889,0.538,63,240466
181,Everything Has Changed (feat. Ed Sheeran) (Taylor’s Version),Red (Taylor's Version),2021-11-12,14,7qEUFOVcxRI19tbT68JcYK,spotify:track:7qEUFOVcxRI19tbT68JcYK,0.271,0.498,0.61,0.0,0.223,-5.098,0.0363,79.918,0.474,70,245426
182,Starlight (Taylor's Version),Red (Taylor's Version),2021-11-12,15,7A2cNLRT0YJc1yjxHlKihs,spotify:track:7A2cNLRT0YJc1yjxHlKihs,0.00324,0.628,0.685,0.0,0.18,-5.864,0.0358,126.014,0.605,63,220413
183,Begin Again (Taylor's Version),Red (Taylor's Version),2021-11-12,16,05GsNucq8Bngd9fnd4fRa0,spotify:track:05GsNucq8Bngd9fnd4fRa0,0.075,0.519,0.527,0.0,0.132,-7.673,0.0274,78.915,0.267,66,238866
184,The Moment I Knew (Taylor's Version),Red (Taylor's Version),2021-11-12,17,0NRHj8hDwwmSPaA41o379r,spotify:track:0NRHj8hDwwmSPaA41o379r,0.0494,0.636,0.402,0.0,0.107,-7.855,0.031,125.952,0.208,63,285280
185,Come Back...Be Here (Taylor's Version),Red (Taylor's Version),2021-11-12,18,4pNApnaUWAL2J4KO2eqokq,spotify:track:4pNApnaUWAL2J4KO2eqokq,0.0158,0.46,0.632,0.0,0.0822,-6.031,0.0302,79.846,0.399,66,223333
186,Girl At Home (Taylor's Version),Red (Taylor's Version),2021-11-12,19,0DMVrlMUn01M0IcpDbwgu7,spotify:track:0DMVrlMUn01M0IcpDbwgu7,0.00955,0.691,0.736,1.88e-05,0.101,-6.974,0.0326,125.089,0.612,61,220520
187,State Of Grace (Acoustic Version) (Taylor's Version),Red (Taylor's Version),2021-11-12,20,5jAIouBES8LWMiriuNq170,spotify:track:5jAIouBES8LWMiriuNq170,0.663,0.445,0.131,1.57e-06,0.108,-13.778,0.0564,208.918,0.101,61,321640
188,Ronan (Taylor's Version),Red (Taylor's Version),2021-11-12,21,7nWui6jiMM2m9qFmET1Mtj,spotify:track:7nWui6jiMM2m9qFmET1Mtj,0.661,0.623,0.279,0.0,0.193,-10.802,0.031,116.04,0.38,58,264253
189,Better Man (Taylor's Version) (From The Vault),Red (Taylor's Version),2021-11-12,22,4OmFmE0fzcMG6g0Y8p4eSD,spotify:track:4OmFmE0fzcMG6g0Y8p4eSD,0.214,0.473,0.579,0.0,0.0877,-5.824,0.0384,73.942,0.255,67,297013
190,Nothing New (feat. Phoebe Bridgers) (Taylor’s Version) (From The Vault),Red (Taylor's Version),2021-11-12,23,01K4zKU104LyJ8gMb7227B,spotify:track:01K4zKU104LyJ8gMb7227B,0.817,0.606,0.377,0.0,0.154,-9.455,0.0275,101.96,0.446,70,258812
191,Babe (Taylor's Version) (From The Vault),Red (Taylor's Version),2021-11-12,24,0v4z1tuZvn6LGknom9Qx7d,spotify:track:0v4z1tuZvn6LGknom9Qx7d,0.0538,0.584,0.743,2.83e-06,0.121,-7.075,0.0931,167.844,0.746,67,224240
192,Message In A Bottle (Taylor's Version) (From The Vault),Red (Taylor's Version),2021-11-12,25,3z6XUommYDWPHeFhmhhT6j,spotify:track:3z6XUommYDWPHeFhmhhT6j,0.00188,0.622,0.791,3.72e-06,0.083,-6.106,0.0535,115.915,0.494,70,225960
193,I Bet You Think About Me (feat. Chris Stapleton) (Taylor’s Version) (From The Vault),Red (Taylor's Version),2021-11-12,26,4CkgMiMqZ5JzW9iYXSTMTL,spotify:track:4CkgMiMqZ5JzW9iYXSTMTL,0.167,0.391,0.715,0.0,0.183,-4.516,0.0495,149.654,0.473,70,285106
194,Forever Winter (Taylor's Version) (From The Vault),Red (Taylor's Version),2021-11-12,27,3oGVx9RBmiYGv5ZCecWLkx,spotify:track:3oGVx9RBmiYGv5ZCecWLkx,0.256,0.611,0.552,0.0,0.134,-5.828,0.031,116.012,0.41,63,263533
195,Run (feat. Ed Sheeran) (Taylor’s Version) (From The Vault),Red (Taylor's Version),2021-11-12,28,4IQkfUsrwXol38VV3U7t7T,spotify:track:4IQkfUsrwXol38VV3U7t7T,0.817,0.61,0.488,0.0,0.312,-6.918,0.0293,125.039,0.443,64,240226
196,The Very First Night (Taylor's Version) (From The Vault),Red (Taylor's Version),2021-11-12,29,6pYNq0ZwpPVazKzsqpf0G8,spotify:track:6pYNq0ZwpPVazKzsqpf0G8,0.00115,0.678,0.733,0.0,0.104,-5.025,0.0281,121.009,0.581,69,200280
197,All Too Well (10 Minute Version) (Taylor's Version) (From The Vault),Red (Taylor's Version),2021-11-12,30,5enxwA8aAbwZbf5qCHORXi,spotify:track:5enxwA8aAbwZbf5qCHORXi,0.274,0.631,0.518,0.0,0.088,-8.771,0.0303,93.023,0.205,80,613026
198,Fearless (Taylor’s Version),Fearless (Taylor's Version),2021-04-09,1,77sMIMlNaSURUAXq5coCxE,spotify:track:77sMIMlNaSURUAXq5coCxE,0.0122,0.569,0.741,0.0,0.333,-4.963,0.0282,100.118,0.43,78,241591
199,Fifteen (Taylor’s Version),Fearless (Taylor's Version),2021-04-09,2,2nqio0SfWg6gh2eCtfuMa5,spotify:track:2nqio0SfWg6gh2eCtfuMa5,0.116,0.559,0.646,0.0,0.32,-4.61,0.0272,95.466,0.289,66,294419
200,Love Story (Taylor’s Version),Fearless (Taylor's Version),2021-04-09,3,6YvqWjhGD8mB5QXcbcUKtx,spotify:track:6YvqWjhGD8mB5QXcbcUKtx,0.13,0.627,0.792,3.97e-06,0.0845,-4.311,0.031,119.054,0.415,78,235766
201,Hey Stephen (Taylor’s Version),Fearless (Taylor's Version),2021-04-09,4,550erGcdD9n6PnwxrvYqZT,spotify:track:550erGcdD9n6PnwxrvYqZT,0.106,0.788,0.571,0.0,0.0934,-6.135,0.0296,115.99,0.797,65,254254
202,White Horse (Taylor’s Version),Fearless (Taylor's Version),2021-04-09,5,5YL553x8sHderRBDlm3NM3,spotify:track:5YL553x8sHderRBDlm3NM3,0.369,0.423,0.517,0.0,0.177,-7.377,0.0486,185.262,0.366,67,234515
203,You Belong With Me (Taylor’s Version),Fearless (Taylor's Version),2021-04-09,6,1qrpoAMXodY6895hGKoUpA,spotify:track:1qrpoAMXodY6895hGKoUpA,0.0623,0.632,0.773,0.0,0.0885,-4.856,0.0346,130.033,0.474,81,231124
204,Breathe (feat. Colbie Caillat) (Taylor’s Version),Fearless (Taylor's Version),2021-04-09,7,7HC7R2D8WjXVcUHJyEGjRs,spotify:track:7HC7R2D8WjXVcUHJyEGjRs,0.156,0.506,0.626,0.0,0.228,-6.066,0.0287,148.035,0.321,63,263377
205,Tell Me Why (Taylor’s Version),Fearless (Taylor's Version),2021-04-09,8,0k0vFacOHNuArLWMiH60p7,spotify:track:0k0vFacOHNuArLWMiH60p7,0.0222,0.578,0.909,0.0,0.333,-3.669,0.0628,100.023,0.541,62,200575
206,You’re Not Sorry (Taylor’s Version),Fearless (Taylor's Version),2021-04-09,9,6iiAfo4wTA2CVC3Uwx9uh8,spotify:track:6iiAfo4wTA2CVC3Uwx9uh8,0.0538,0.506,0.444,0.0,0.123,-4.99,0.0285,133.873,0.241,64,261842
207,The Way I Loved You (Taylor’s Version),Fearless (Taylor's Version),2021-04-09,10,22bPsP2jCgbLUvh82U0Z3M,spotify:track:22bPsP2jCgbLUvh82U0Z3M,0.0033,0.402,0.732,0.0,0.108,-4.665,0.0484,161.032,0.472,76,243136
208,Forever & Always (Taylor’s Version),Fearless (Taylor's Version),2021-04-09,11,1msEuwSBneBKpVCZQcFTsU,spotify:track:1msEuwSBneBKpVCZQcFTsU,0.0231,0.598,0.821,0.0,0.143,-4.433,0.0447,128.03,0.673,67,225328
209,The Best Day (Taylor’s Version),Fearless (Taylor's Version),2021-04-09,12,6ON9UuIq49xXY9GPmHIYRp,spotify:track:6ON9UuIq49xXY9GPmHIYRp,0.488,0.642,0.576,0.0,0.159,-8.524,0.0282,125.0,0.469,61,245290
210,Change (Taylor’s Version),Fearless (Taylor's Version),2021-04-09,13,3ExweHKZF9B752DPQByRVT,spotify:track:3ExweHKZF9B752DPQByRVT,0.000191,0.499,0.815,0.0,0.181,-4.063,0.0341,95.999,0.344,60,279359
211,Jump Then Fall (Taylor’s Version),Fearless (Taylor's Version),2021-04-09,14,2m3ObD945KvpE5y9A1eUWm,spotify:track:2m3ObD945KvpE5y9A1eUWm,0.0474,0.572,0.69,0.0,0.0897,-6.201,0.0358,160.111,0.624,62,237580
212,Untouchable (Taylor’s Version),Fearless (Taylor's Version),2021-04-09,15,0tQ9vBYpldCuikPsbgOVKA,spotify:track:0tQ9vBYpldCuikPsbgOVKA,0.0181,0.393,0.531,0.0,0.169,-6.112,0.0329,200.391,0.224,63,312107
213,Forever & Always (Piano Version) (Taylor’s Version),Fearless (Taylor's Version),2021-04-09,16,01QdEx6kFr78ZejhQtWR5m,spotify:track:01QdEx6kFr78ZejhQtWR5m,0.819,0.546,0.273,0.0,0.137,-9.208,0.0308,118.753,0.271,61,267833
214,Come In With The Rain (Taylor’s Version),Fearless (Taylor's Version),2021-04-09,17,1n2wszmJyVkw6FHqyLnQsY,spotify:track:1n2wszmJyVkw6FHqyLnQsY,0.0406,0.476,0.564,0.0,0.102,-5.677,0.0269,143.929,0.167,59,237338
215,Superstar (Taylor’s Version),Fearless (Taylor's Version),2021-04-09,18,51A8eKvvZz9uydvIZ7xRSV,spotify:track:51A8eKvvZz9uydvIZ7xRSV,0.157,0.454,0.555,0.0,0.343,-6.69,0.0283,171.862,0.171,59,263865
216,The Other Side Of The Door (Taylor’s Version),Fearless (Taylor's Version),2021-04-09,19,1cSFlSBdpT4F5vb1frQ231,spotify:track:1cSFlSBdpT4F5vb1frQ231,0.0279,0.432,0.873,0.0,0.167,-4.367,0.0577,163.936,0.629,64,238443
217,Today Was A Fairytale (Taylor’s Version),Fearless (Taylor's Version),2021-04-09,20,2JoJrsEV15OzbijS47lids,spotify:track:2JoJrsEV15OzbijS47lids,0.0135,0.482,0.779,0.0,0.296,-5.025,0.0409,158.162,0.328,62,241822
218,You All Over Me (feat. Maren Morris) (Taylor’s Version) (From The Vault),Fearless (Taylor's Version),2021-04-09,21,4CHpVfAhuxNJ3ibExe6kxO,spotify:track:4CHpVfAhuxNJ3ibExe6kxO,0.816,0.599,0.494,0.0,0.101,-7.61,0.0372,142.893,0.44,59,220839
219,Mr. Perfectly Fine (Taylor’s Version) (From The Vault),Fearless (Taylor's Version),2021-04-09,22,2CYVETnhM9aytqrazYYwrK,spotify:track:2CYVETnhM9aytqrazYYwrK,0.162,0.66,0.817,0.0,0.0667,-6.269,0.0521,135.942,0.714,70,277591
220,We Were Happy (Taylor’s Version) (From The Vault),Fearless (Taylor's Version),2021-04-09,23,34V9RiEPe8MNdU32qJsJa1,spotify:track:34V9RiEPe8MNdU32qJsJa1,0.849,0.609,0.373,0.0,0.0779,-8.819,0.0263,106.007,0.13,62,244236
221,That’s When (feat. Keith Urban) (Taylor’s Version) (From The Vault),Fearless (Taylor's Version),2021-04-09,24,7eResoqEJJAVTkQYSqvO3P,spotify:track:7eResoqEJJAVTkQYSqvO3P,0.225,0.588,0.608,0.0,0.092,-7.062,0.0365,90.201,0.508,64,189495
222,Don’t You (Taylor’s Version) (From The Vault),Fearless (Taylor's Version),2021-04-09,25,4uuEGH5SVuzkkSFjo2DEiY,spotify:track:4uuEGH5SVuzkkSFjo2DEiY,0.514,0.563,0.473,1.2e-05,0.109,-11.548,0.0503,101.934,0.405,63,208608
223,Bye Bye Baby (Taylor’s Version) (From The Vault),Fearless (Taylor's Version),2021-04-09,26,4qUijfYU8EoIWiY6oSyrgT,spotify:track:4qUijfYU8EoIWiY6oSyrgT,0.334,0.624,0.624,0.0,0.0995,-7.86,0.0539,80.132,0.527,61,242157
241,willow,evermore,2020-12-11,1,0lx2cLdOt3piJbcaXIV74f,spotify:track:0lx2cLdOt3piJbcaXIV74f,0.833,0.392,0.574,0.00179,0.145,-9.195,0.17,81.112,0.529,77,214706
242,champagne problems,evermore,2020-12-11,2,0sY6ZUTh4yoctD8VIXz339,spotify:track:0sY6ZUTh4yoctD8VIXz339,0.92,0.462,0.24,0.0,0.113,-12.077,0.0377,171.319,0.32,77,244000
243,gold rush,evermore,2020-12-11,3,5BK0uqwY9DNfZ630STAEaq,spotify:track:5BK0uqwY9DNfZ630STAEaq,0.83,0.512,0.462,0.166,0.121,-10.491,0.0408,112.05,0.353,67,185320
244,‘tis the damn season,evermore,2020-12-11,4,7dW84mWkdWE5a6lFWxJCBG,spotify:track:7dW84mWkdWE5a6lFWxJCBG,0.735,0.575,0.434,6.59e-05,0.105,-8.193,0.0312,145.916,0.348,65,229840
245,tolerate it,evermore,2020-12-11,5,0PurA4JVJ8YQgSVopY8fn6,spotify:track:0PurA4JVJ8YQgSVopY8fn6,0.878,0.316,0.361,2.67e-05,0.0797,-10.381,0.0488,74.952,0.221,72,245440
246,"no body, no crime (feat. HAIM)",evermore,2020-12-11,6,3RaT22zZsxVYxxKR7TAaYF,spotify:track:3RaT22zZsxVYxxKR7TAaYF,0.418,0.546,0.613,0.0,0.103,-7.589,0.0264,79.015,0.535,66,215626
247,happiness,evermore,2020-12-11,7,73YUReisjb3A9ActdLLjJQ,spotify:track:73YUReisjb3A9ActdLLjJQ,0.87,0.559,0.334,0.0,0.114,-10.733,0.0376,122.079,0.211,64,315146
248,dorothea,evermore,2020-12-11,8,670fUmXf4KQekzbEgaXyPA,spotify:track:670fUmXf4KQekzbEgaXyPA,0.696,0.605,0.488,0.0,0.129,-8.322,0.0264,119.966,0.354,62,225880
249,coney island (feat. The National),evermore,2020-12-11,9,3k7ne7VmH43ZPWxPdvPUgR,spotify:track:3k7ne7VmH43ZPWxPdvPUgR,0.819,0.537,0.537,0.000904,0.142,-11.266,0.0617,107.895,0.292,61,275320
250,ivy,evermore,2020-12-11,10,19CSr8rwW05VJL2F91KFNK,spotify:track:19CSr8rwW05VJL2F91KFNK,0.855,0.515,0.545,1.97e-05,0.0921,-9.277,0.0353,88.856,0.535,66,260440
251,cowboy like me,evermore,2020-12-11,11,1XjHRolIXL2M1EEOUsGGR4,spotify:track:1XjHRolIXL2M1EEOUsGGR4,0.768,0.604,0.517,0.000155,0.123,-9.014,0.0347,127.967,0.511,65,275040
252,long story short,evermore,2020-12-11,12,2o2sgVJIgFXk8GQjWTgI6U,spotify:track:2o2sgVJIgFXk8GQjWTgI6U,0.66,0.546,0.73,0.179,0.0972,-7.704,0.0417,157.895,0.573,62,215920
253,marjorie,evermore,2020-12-11,13,12ntTeqEeTg7GAVpe8Mhpl,spotify:track:12ntTeqEeTg7GAVpe8Mhpl,0.876,0.535,0.561,0.000136,0.115,-11.609,0.0484,96.103,0.287,70,257773
254,closure,evermore,2020-12-11,14,35rdVq36LMHQX0Suw9a6tK,spotify:track:35rdVq36LMHQX0Suw9a6tK,0.835,0.689,0.704,4.83e-06,0.134,-10.813,0.245,151.884,0.92,59,180653
255,evermore (feat. Bon Iver),evermore,2020-12-11,15,3O5osWf1rSoKMwe6E9ZaXP,spotify:track:3O5osWf1rSoKMwe6E9ZaXP,0.937,0.39,0.27,0.00227,0.111,-10.673,0.0308,125.177,0.32,63,304106
307,the 1,folklore,2020-07-24,1,0Jlcvv8IykzHaSmj49uNW8,spotify:track:0Jlcvv8IykzHaSmj49uNW8,0.757,0.777,0.357,7.28e-06,0.108,-6.942,0.0522,139.884,0.172,74,210251
308,cardigan,folklore,2020-07-24,2,4R2kfaDFhslZEMJqAFNpdd,spotify:track:4R2kfaDFhslZEMJqAFNpdd,0.537,0.613,0.581,0.000345,0.25,-8.588,0.0424,130.033,0.551,84,239560
309,the last great american dynasty,folklore,2020-07-24,3,2Eeur20xVqfUoM3Q7EFPFt,spotify:track:2Eeur20xVqfUoM3Q7EFPFt,0.467,0.686,0.662,0.0023,0.109,-8.505,0.0413,147.922,0.706,70,230999
310,exile (feat. Bon Iver),folklore,2020-07-24,4,4pvb0WLRcMtbPGmtejJJ6y,spotify:track:4pvb0WLRcMtbPGmtejJJ6y,0.778,0.298,0.38,5.62e-05,0.11,-8.426,0.0287,75.602,0.152,77,285634
311,my tears ricochet,folklore,2020-07-24,5,1MgV7FIyNxIG7WzMRJV5HC,spotify:track:1MgV7FIyNxIG7WzMRJV5HC,0.806,0.469,0.263,0.0,0.0749,-10.63,0.0329,129.86,0.112,78,255893
312,mirrorball,folklore,2020-07-24,6,0ZNU020wNYvgW84iljPkPP,spotify:track:0ZNU020wNYvgW84iljPkPP,0.687,0.553,0.413,2.33e-06,0.0594,-10.037,0.0334,110.107,0.379,73,208977
313,seven,folklore,2020-07-24,7,6KJqZcs9XDgVck7Lg9QOTC,spotify:track:6KJqZcs9XDgVck7Lg9QOTC,0.9,0.596,0.488,2.7e-05,0.091,-10.769,0.0274,94.922,0.415,70,208906
314,august,folklore,2020-07-24,8,3hUxzQpSfdDqwM3ZTFQY0K,spotify:track:3hUxzQpSfdDqwM3ZTFQY0K,0.538,0.532,0.623,7.28e-05,0.0925,-9.208,0.0331,89.937,0.403,84,261922
315,this is me trying,folklore,2020-07-24,9,7kt9e9LFSpN1zQtYEl19o1,spotify:track:7kt9e9LFSpN1zQtYEl19o1,0.314,0.515,0.476,4.74e-05,0.171,-9.843,0.0328,135.886,0.412,73,195097
316,illicit affairs,folklore,2020-07-24,10,2NmsngXHeC1GQ9wWrzhOMf,spotify:track:2NmsngXHeC1GQ9wWrzhOMf,0.881,0.559,0.31,0.0,0.106,-10.445,0.0338,119.845,0.46,77,190898
317,invisible string,folklore,2020-07-24,11,6VsvKPJ4xjVNKpI8VVZ3SV,spotify:track:6VsvKPJ4xjVNKpI8VVZ3SV,0.838,0.653,0.452,7.73e-05,0.108,-11.143,0.055,83.433,0.45,73,252880
318,mad woman,folklore,2020-07-24,12,2QDyYdZyhlP2fp79KZX8Bi,spotify:track:2QDyYdZyhlP2fp79KZX8Bi,0.655,0.592,0.699,1.68e-05,0.114,-8.995,0.0471,141.916,0.506,65,237258
319,epiphany,folklore,2020-07-24,13,08fa9LFcFBTcilB3iq2e2A,spotify:track:08fa9LFcFBTcilB3iq2e2A,0.731,0.175,0.267,0.000402,0.0858,-13.69,0.0302,94.203,0.106,64,289749
320,betty,folklore,2020-07-24,14,5kI4eCXXzyuIUXjQra0Cxi,spotify:track:5kI4eCXXzyuIUXjQra0Cxi,0.6,0.593,0.377,0.0,0.0976,-8.761,0.0253,95.939,0.502,73,294521
321,peace,folklore,2020-07-24,15,7MbT4I8qGntX4fMdqMQgke,spotify:track:7MbT4I8qGntX4fMdqMQgke,0.918,0.647,0.272,1.73e-05,0.0918,-12.906,0.0916,150.044,0.339,65,234000
322,hoax,folklore,2020-07-24,16,6MWoRt97mnSTXZhu3ggi9C,spotify:track:6MWoRt97mnSTXZhu3ggi9C,0.966,0.662,0.181,3.86e-06,0.133,-15.065,0.0415,118.819,0.429,65,220042
323,I Forgot That You Existed,Lover,2019-08-23,1,43rA71bccXFGD4C8GOpIlN,spotify:track:43rA71bccXFGD4C8GOpIlN,0.298,0.664,0.316,2.03e-06,0.0812,-10.345,0.519,92.875,0.541,71,170640
324,Cruel Summer,Lover,2019-08-23,2,1BxfuPKGuaTgP7aM0Bbdwr,spotify:track:1BxfuPKGuaTgP7aM0Bbdwr,0.117,0.552,0.702,2.06e-05,0.105,-5.707,0.157,169.994,0.564,93,178426
325,Lover,Lover,2019-08-23,3,1dGr1c8CrMLDpV6mPbImSI,spotify:track:1dGr1c8CrMLDpV6mPbImSI,0.492,0.359,0.543,1.58e-05,0.118,-7.582,0.0919,68.534,0.453,86,221306
326,The Man,Lover,2019-08-23,4,3RauEVgRgj1IuWdJ9fDs70,spotify:track:3RauEVgRgj1IuWdJ9fDs70,0.0767,0.777,0.658,0.0,0.0901,-5.191,0.054,110.048,0.633,81,190360
327,The Archer,Lover,2019-08-23,5,3pHkh7d0lzM2AldUtz2x37,spotify:track:3pHkh7d0lzM2AldUtz2x37,0.12,0.292,0.574,0.00569,0.0663,-9.375,0.0401,124.344,0.166,75,211240
328,I Think He Knows,Lover,2019-08-23,6,2YWtcWi3a83pdEg3Gif4Pd,spotify:track:2YWtcWi3a83pdEg3Gif4Pd,0.00889,0.897,0.366,0.000353,0.0715,-8.029,0.0569,100.003,0.416,72,173386
329,Miss Americana & The Heartbreak Prince,Lover,2019-08-23,7,214nt20w5wOxJnY462klLw,spotify:track:214nt20w5wOxJnY462klLw,0.028,0.662,0.747,0.00615,0.138,-6.926,0.0736,150.088,0.487,79,234146
330,Paper Rings,Lover,2019-08-23,8,4y5bvROuBDPr5fuwXbIBZR,spotify:track:4y5bvROuBDPr5fuwXbIBZR,0.0129,0.811,0.719,1.36e-05,0.0742,-6.553,0.0497,103.979,0.865,78,222400
331,Cornelia Street,Lover,2019-08-23,9,12M5uqx0ZuwkpLp5rJim1a,spotify:track:12M5uqx0ZuwkpLp5rJim1a,0.781,0.824,0.624,0.000189,0.1,-9.728,0.0827,102.012,0.248,74,287266
332,Death By A Thousand Cuts,Lover,2019-08-23,10,2dgFqt3w9xIQRjhPtwNk3D,spotify:track:2dgFqt3w9xIQRjhPtwNk3D,0.454,0.712,0.732,0.0,0.319,-6.754,0.0629,94.071,0.313,72,198533
333,London Boy,Lover,2019-08-23,11,1LLXZFeAHK9R4xUramtUKw,spotify:track:1LLXZFeAHK9R4xUramtUKw,0.0246,0.695,0.71,0.000104,0.133,-6.639,0.05,157.925,0.557,74,190240
334,Soon You’ll Get Better (feat. The Chicks),Lover,2019-08-23,12,4AYtqFyFbX0Xkc2wtcygTr,spotify:track:4AYtqFyFbX0Xkc2wtcygTr,0.907,0.433,0.182,0.0,0.123,-12.566,0.0641,207.476,0.421,66,201586
335,False God,Lover,2019-08-23,13,5hQSXkFgbxjZo9uCwd11so,spotify:track:5hQSXkFgbxjZo9uCwd11so,0.736,0.739,0.32,0.000147,0.111,-10.862,0.239,79.97,0.351,73,200306
336,You Need To Calm Down,Lover,2019-08-23,14,6RRNNciQGZEXnqk8SQ9yv5,spotify:track:6RRNNciQGZEXnqk8SQ9yv5,0.00929,0.771,0.671,0.0,0.0637,-5.617,0.0553,85.026,0.714,80,171360
337,Afterglow,Lover,2019-08-23,15,1SymEzIT3H8UZfibCs3TYi,spotify:track:1SymEzIT3H8UZfibCs3TYi,0.13,0.756,0.449,0.0,0.114,-8.746,0.0344,111.011,0.399,74,223293
338,ME! (feat. Brendon Urie of Panic! At The Disco),Lover,2019-08-23,16,2Rk4JlNc2TPmZe2af99d45,spotify:track:2Rk4JlNc2TPmZe2af99d45,0.033,0.61,0.83,0.0,0.118,-4.105,0.0571,182.162,0.728,75,193000
339,It’s Nice To Have A Friend,Lover,2019-08-23,17,1SmiQ65iSAbPto6gPFlBYm,spotify:track:1SmiQ65iSAbPto6gPFlBYm,0.971,0.737,0.175,0.000337,0.171,-9.912,0.0401,70.008,0.545,66,150440
340,Daylight,Lover,2019-08-23,18,1fzAuUVbzlhZ1lJAx9PtY6,spotify:track:1fzAuUVbzlhZ1lJAx9PtY6,0.808,0.557,0.496,0.000173,0.0772,-9.602,0.0563,149.983,0.265,78,293453
341,...Ready For It?,reputation,2017-11-10,1,2yLa0QULdQr0qAIvVwN6B5,spotify:track:2yLa0QULdQr0qAIvVwN6B5,0.0527,0.613,0.764,0.0,0.197,-6.509,0.136,160.015,0.417,82,208186
342,End Game,reputation,2017-11-10,2,2x0WlnmfG39ZuDmstl9xfX,spotify:track:2x0WlnmfG39ZuDmstl9xfX,0.00845,0.649,0.589,0.0,0.108,-6.237,0.0558,159.073,0.151,74,244826
343,I Did Something Bad,reputation,2017-11-10,3,4svZDCRz4cJoneBpjpx8DJ,spotify:track:4svZDCRz4cJoneBpjpx8DJ,0.0679,0.696,0.602,2.11e-05,0.0696,-6.156,0.159,82.989,0.305,75,238253
344,Don’t Blame Me,reputation,2017-11-10,4,1R0a2iXumgCiFb7HEZ7gUE,spotify:track:1R0a2iXumgCiFb7HEZ7gUE,0.106,0.615,0.534,1.76e-05,0.0607,-6.719,0.0386,135.917,0.193,85,236413
345,Delicate,reputation,2017-11-10,5,6NFyWDv5CjfwuzoCkw47Xf,spotify:track:6NFyWDv5CjfwuzoCkw47Xf,0.216,0.75,0.404,0.000357,0.0911,-10.178,0.0682,95.045,0.0499,81,232253
346,Look What You Made Me Do,reputation,2017-11-10,6,1P17dC1amhFzptugyAO7Il,spotify:track:1P17dC1amhFzptugyAO7Il,0.204,0.766,0.709,1.41e-05,0.126,-6.471,0.123,128.07,0.506,81,211853
347,So It Goes...,reputation,2017-11-10,7,5PxFv9yJEg9dxvbZggykro,spotify:track:5PxFv9yJEg9dxvbZggykro,0.122,0.574,0.61,1.1e-06,0.13,-7.283,0.0732,74.957,0.374,69,227906
348,Gorgeous,reputation,2017-11-10,8,1ZY1PqizIl78geGM4xWlEA,spotify:track:1ZY1PqizIl78geGM4xWlEA,0.0713,0.8,0.535,9.48e-06,0.213,-6.684,0.135,92.027,0.451,76,209680
349,Getaway Car,reputation,2017-11-10,9,0VE4kBnHJUgtMf0dy6DRmW,spotify:track:0VE4kBnHJUgtMf0dy6DRmW,0.00465,0.562,0.689,2.23e-06,0.0888,-6.745,0.127,172.054,0.351,79,233626
350,King Of My Heart,reputation,2017-11-10,10,7HuBDWi18s4aJM8UFnNheH,spotify:track:7HuBDWi18s4aJM8UFnNheH,0.00882,0.675,0.703,2.21e-06,0.0391,-7.902,0.0382,110.01,0.314,72,214320
351,Dancing With Our Hands Tied,reputation,2017-11-10,11,7I7JbDv63ZJJsSi24DyJrz,spotify:track:7I7JbDv63ZJJsSi24DyJrz,0.0604,0.624,0.691,1.1e-05,0.138,-6.686,0.196,160.024,0.284,72,211506
352,Dress,reputation,2017-11-10,12,6oVxXO5oQ4pTpO8RSnkzvv,spotify:track:6oVxXO5oQ4pTpO8RSnkzvv,0.0329,0.719,0.469,0.0,0.169,-8.792,0.0533,120.085,0.0851,75,230373
353,This Is Why We Can't Have Nice Things,reputation,2017-11-10,13,07NxDD1iKCHbAldceD7QLP,spotify:track:07NxDD1iKCHbAldceD7QLP,0.0156,0.567,0.789,0.0,0.382,-5.986,0.115,163.96,0.438,70,207133
354,Call It What You Want,reputation,2017-11-10,14,1GwMQaZz6Au3QLDbjbMdme,spotify:track:1GwMQaZz6Au3QLDbjbMdme,0.186,0.598,0.504,0.000221,0.34,-9.874,0.0731,163.954,0.252,75,203506
355,New Year’s Day,reputation,2017-11-10,15,7F5oktn5YOsR9eR5YsFtqb,spotify:track:7F5oktn5YOsR9eR5YsFtqb,0.921,0.661,0.151,0.0,0.13,-12.864,0.0354,94.922,0.23,70,235466
567,Tim McGraw,Taylor Swift (Deluxe Edition),2006-10-24,1,2Fn01AIMyHbha2ceNQeOqw,spotify:track:2Fn01AIMyHbha2ceNQeOqw,0.575,0.58,0.491,0.0,0.121,-6.462,0.0251,76.009,0.425,56,232106
568,Picture To Burn,Taylor Swift (Deluxe Edition),2006-10-24,2,4BYejINgfZF0qKDMEH2cim,spotify:track:4BYejINgfZF0qKDMEH2cim,0.173,0.658,0.877,0.0,0.0962,-2.098,0.0323,105.586,0.821,61,173066
569,Teardrops On My Guitar - Radio Single Remix,Taylor Swift (Deluxe Edition),2006-10-24,3,2TF4UtYreqNbQ6Z9AccldU,spotify:track:2TF4UtYreqNbQ6Z9AccldU,0.288,0.621,0.417,0.0,0.119,-6.941,0.0231,99.953,0.289,63,203040
570,A Place in this World,Taylor Swift (Deluxe Edition),2006-10-24,4,1oR4MUBpyNrAViC8wPNpfm,spotify:track:1oR4MUBpyNrAViC8wPNpfm,0.051,0.576,0.777,0.0,0.32,-2.881,0.0324,115.028,0.428,55,199200
571,Cold As You,Taylor Swift (Deluxe Edition),2006-10-24,5,569sXXQ7t0jSdqHooi2yqs,spotify:track:569sXXQ7t0jSdqHooi2yqs,0.217,0.418,0.482,0.0,0.123,-5.769,0.0266,175.558,0.261,55,239013
572,The Outside,Taylor Swift (Deluxe Edition),2006-10-24,6,5Tj2MqcFMf60CaGsKbM1aq,spotify:track:5Tj2MqcFMf60CaGsKbM1aq,0.00491,0.589,0.805,0.0,0.24,-4.055,0.0293,112.982,0.591,54,207106
573,Tied Together with a Smile,Taylor Swift (Deluxe Edition),2006-10-24,7,2zzxwmoOBnXDT0KnJsoIWk,spotify:track:2zzxwmoOBnXDT0KnJsoIWk,0.525,0.479,0.578,0.0,0.0841,-4.963,0.0294,146.165,0.192,54,248106
574,Stay Beautiful,Taylor Swift (Deluxe Edition),2006-10-24,8,41sjzdjScVwnxnxADElts6,spotify:track:41sjzdjScVwnxnxADElts6,0.0868,0.594,0.629,0.0,0.137,-4.919,0.0246,131.597,0.504,53,236053
575,Should've Said No,Taylor Swift (Deluxe Edition),2006-10-24,9,6CdaXOq1MWe2JHDalTG01d,spotify:track:6CdaXOq1MWe2JHDalTG01d,0.0103,0.476,0.777,0.0,0.196,-3.771,0.0289,167.964,0.472,60,242200
576,Mary's Song (Oh My My My),Taylor Swift (Deluxe Edition),2006-10-24,10,2O8sogKJCfVZ4rotBv1vVF,spotify:track:2O8sogKJCfVZ4rotBv1vVF,0.0177,0.403,0.627,0.0,0.182,-5.28,0.0292,74.9,0.374,57,213080
577,Our Song,Taylor Swift (Deluxe Edition),2006-10-24,11,1j6gmK6u4WNI33lMZ8dC1s,spotify:track:1j6gmK6u4WNI33lMZ8dC1s,0.111,0.668,0.672,0.0,0.329,-4.931,0.0303,89.011,0.539,64,201106
578,I'm Only Me When I'm With You,Taylor Swift (Deluxe Edition),2006-10-24,12,7CzxXgQXurKZCyHz9ufbo1,spotify:track:7CzxXgQXurKZCyHz9ufbo1,0.00452,0.563,0.934,0.000807,0.103,-3.629,0.0646,143.964,0.518,56,213053
579,Invisible,Taylor Swift (Deluxe Edition),2006-10-24,13,1k3PzDNjg38cWqOvL4M9vq,spotify:track:1k3PzDNjg38cWqOvL4M9vq,0.637,0.612,0.394,0.0,0.147,-5.723,0.0243,96.001,0.233,54,203226
580,A Perfectly Good Heart,Taylor Swift (Deluxe Edition),2006-10-24,14,0YgHuReCSPwTXYny7isLja,spotify:track:0YgHuReCSPwTXYny7isLja,0.00349,0.483,0.751,0.0,0.128,-5.726,0.0365,156.092,0.268,53,220146
581,Teardrops on My Guitar - Pop Version,Taylor Swift (Deluxe Edition),2006-10-24,15,1hxLyjC9D9Jpw6EAPKqWv4,spotify:track:1hxLyjC9D9Jpw6EAPKqWv4,0.0402,0.459,0.753,0.0,0.0863,-3.827,0.0537,199.997,0.483,55,179066
